order,file_path,thumbnail,width,height
1,https://tile.loc.gov/image-services/iiif/service:gdc:gdcustel:us:te:le:di:re:c0:12:16:usteledirec01216:usteledirec01216_0122/full/pct:100/0/default.jpg,https://tile.loc.gov/image-services/iiif/service:gdc:gdcustel:us:te:le:di:re:c0:12:16:usteledirec01216:usteledirec01216_0122/full/pct:3.125/0/default.jpg,9423,6407
2,https://tile.loc.gov/image-services/iiif/service:gdc:gdcustel:us:te:le:di:re:c0:12:16:usteledirec01216:usteledirec01216_0123/full/pct:100/0/default.jpg,https://tile.loc.gov/image-services/iiif/service:gdc:gdcustel:us:te:le:di:re:c0:12:16:usteledirec01216:usteledirec01216_0123/full/pct:3.125/0/default.jpg,9455,6391
3,https://tile.loc.gov/image-services/iiif/service:gdc:gdcustel:us:te:le:di:re:c0:12:16:usteledirec01216:usteledirec01216_0124/full/pct:100/0/default.jpg,https://tile.loc.gov/image-services/iiif/service:gdc:gdcustel:us:te:le:di:re:c0:12:16:usteledirec01216:usteledirec01216_0124/full/pct:3.125/0/default.jpg,9439,6407
4,https://tile.loc.gov/image-services/iiif/service:gdc:gdcustel:us:te:le:di:re:c0:12:16:usteledirec01216:usteledirec01216_0125/full/pct:100/0/default.jpg,https://tile.loc.gov/image-services/iiif/service:gdc:gdcustel:us:te:le:di:re:c0:12:16:usteledirec01216:usteledirec01216_0125/full/pct:3.125/0/default.jpg,9439,6439
5,https://tile.loc.gov/image-services/iiif/service:gdc:gdcustel:us:te:le:di:re:c0:12:16:usteledirec01216:usteledirec01216_0126/full/pct:100/0/default.jpg,https://tile.loc.gov/image-services/iiif/service:gdc:gdcustel:us:te:le:di:re:c0:12:16:usteledirec01216:usteledirec01216_0126/full/pct:3.125/0/default.jpg,9472,6424
6,https://tile.loc.gov/image-services/iiif/service:gdc:gdcustel:us:te:le:di:re:c0:12:16:usteledirec01216:usteledirec01216_0127/full/pct:100/0/default.jpg,https://tile.loc.gov/image-services/iiif/service:gdc:gdcustel:us:te:le:di:re:c0:12:16:usteledirec01216:usteledirec01216_0127/full/pct:3.125/0/default.jpg,9455,6423
7,https://tile.loc.gov/image-services/iiif/service:gdc:gdcustel:us:te:le:di:re:c0:12:16:usteledirec01216:usteledirec01216_0128/full/pct:100/0/default.jpg,https://tile.loc.gov/image-services/iiif/service:gdc:gdcustel:us:te:le:di:re:c0:12:16:usteledirec01216:usteledirec01216_0128/full/pct:3.125/0/default.jpg,9424,6424
8,https://tile.loc.gov/image-services/iiif/service:gdc:gdcustel:us:te:le:di:re:c0:12:16:usteledirec01216:usteledirec01216_0129/full/pct:100/0/default.jpg,https://tile.loc.gov/image-services/iiif/service:gdc:gdcustel:us:te:le:di:re:c0:12:16:usteledirec01216:usteledirec01216_0129/full/pct:3.125/0/default.jpg,9455,6407
9,https://tile.loc.gov/image-services/iiif/service:gdc:gdcustel:us:te:le:di:re:c0:12:16:usteledirec01216:usteledirec01216_0130/full/pct:100/0/default.jpg,https://tile.loc.gov/image-services/iiif/service:gdc:gdcustel:us:te:le:di:re:c0:12:16:usteledirec01216:usteledirec01216_0130/full/pct:3.125/0/default.jpg,9472,6440
10,https://tile.loc.gov/image-services/iiif/service:gdc:gdcustel:us:te:le:di:re:c0:12:16:usteledirec01216:usteledirec01216_0131/full/pct:100/0/default.jpg,https://tile.loc.gov/image-services/iiif/service:gdc:gdcustel:us:te:le:di:re:c0:12:16:usteledirec01216:usteledirec01216_0131/full/pct:3.125/0/default.jpg,9456,6424
11,https://tile.loc.gov/image-services/iiif/service:gdc:gdcustel:us:te:le:di:re:c0:12:16:usteledirec01216:usteledirec01216_0132/full/pct:100/0/default.jpg,https://tile.loc.gov/image-services/iiif/service:gdc:gdcustel:us:te:le:di:re:c0:12:16:usteledirec01216:usteledirec01216_0132/full/pct:3.125/0/default.jpg,9440,6424
12,https://tile.loc.gov/image-services/iiif/service:gdc:gdcustel:us:te:le:di:re:c0:12:16:usteledirec01216:usteledirec01216_0133/full/pct:100/0/default.jpg,https://tile.loc.gov/image-services/iiif/service:gdc:gdcustel:us:te:le:di:re:c0:12:16:usteledirec01216:usteledirec01216_0133/full/pct:3.125/0/default.jpg,9439,6423
13,https://tile.loc.gov/image-services/iiif/service:gdc:gdcustel:us:te:le:di:re:c0:12:16:usteledirec01216:usteledirec01216_0134/full/pct:100/0/default.jpg,https://tile.loc.gov/image-services/iiif/service:gdc:gdcustel:us:te:le:di:re:c0:12:16:usteledirec01216:usteledirec01216_0134/full/pct:3.125/0/default.jpg,9456,6424
14,https://tile.loc.gov/image-services/iiif/service:gdc:gdcustel:us:te:le:di:re:c0:12:16:usteledirec01216:usteledirec01216_0135/full/pct:100/0/default.jpg,https://tile.loc.gov/image-services/iiif/service:gdc:gdcustel:us:te:le:di:re:c0:12:16:usteledirec01216:usteledirec01216_0135/full/pct:3.125/0/default.jpg,9440,6440
15,https://tile.loc.gov/image-services/iiif/service:gdc:gdcustel:us:te:le:di:re:c0:12:16:usteledirec01216:usteledirec01216_0136/full/pct:100/0/default.jpg,https://tile.loc.gov/image-services/iiif/service:gdc:gdcustel:us:te:le:di:re:c0:12:16:usteledirec01216:usteledirec01216_0136/full/pct:3.125/0/default.jpg,9440,6424
16,https://tile.loc.gov/image-services/iiif/service:gdc:gdcustel:us:te:le:di:re:c0:12:16:usteledirec01216:usteledirec01216_0137/full/pct:100/0/default.jpg,https://tile.loc.gov/image-services/iiif/service:gdc:gdcustel:us:te:le:di:re:c0:12:16:usteledirec01216:usteledirec01216_0137/full/pct:3.125/0/default.jpg,9471,6423
17,https://tile.loc.gov/image-services/iiif/service:gdc:gdcustel:us:te:le:di:re:c0:12:16:usteledirec01216:usteledirec01216_0138/full/pct:100/0/default.jpg,https://tile.loc.gov/image-services/iiif/service:gdc:gdcustel:us:te:le:di:re:c0:12:16:usteledirec01216:usteledirec01216_0138/full/pct:3.125/0/default.jpg,9455,6439
18,https://tile.loc.gov/image-services/iiif/service:gdc:gdcustel:us:te:le:di:re:c0:12:16:usteledirec01216:usteledirec01216_0139/full/pct:100/0/default.jpg,https://tile.loc.gov/image-services/iiif/service:gdc:gdcustel:us:te:le:di:re:c0:12:16:usteledirec01216:usteledirec01216_0139/full/pct:3.125/0/default.jpg,9455,6423
19,https://tile.loc.gov/image-services/iiif/service:gdc:gdcustel:us:te:le:di:re:c0:12:16:usteledirec01216:usteledirec01216_0140/full/pct:100/0/default.jpg,https://tile.loc.gov/image-services/iiif/service:gdc:gdcustel:us:te:le:di:re:c0:12:16:usteledirec01216:usteledirec01216_0140/full/pct:3.125/0/default.jpg,9471,6407
20,https://tile.loc.gov/image-services/iiif/service:gdc:gdcustel:us:te:le:di:re:c0:12:16:usteledirec01216:usteledirec01216_0141/full/pct:100/0/default.jpg,https://tile.loc.gov/image-services/iiif/service:gdc:gdcustel:us:te:le:di:re:c0:12:16:usteledirec01216:usteledirec01216_0141/full/pct:3.125/0/default.jpg,9503,6423
21,https://tile.loc.gov/image-services/iiif/service:gdc:gdcustel:us:te:le:di:re:c0:12:16:usteledirec01216:usteledirec01216_0142/full/pct:100/0/default.jpg,https://tile.loc.gov/image-services/iiif/service:gdc:gdcustel:us:te:le:di:re:c0:12:16:usteledirec01216:usteledirec01216_0142/full/pct:3.125/0/default.jpg,9503,6423
22,https://tile.loc.gov/image-services/iiif/service:gdc:gdcustel:us:te:le:di:re:c0:12:16:usteledirec01216:usteledirec01216_0143/full/pct:100/0/default.jpg,https://tile.loc.gov/image-services/iiif/service:gdc:gdcustel:us:te:le:di:re:c0:12:16:usteledirec01216:usteledirec01216_0143/full/pct:3.125/0/default.jpg,9471,6423
23,https://tile.loc.gov/image-services/iiif/service:gdc:gdcustel:us:te:le:di:re:c0:12:16:usteledirec01216:usteledirec01216_0144/full/pct:100/0/default.jpg,https://tile.loc.gov/image-services/iiif/service:gdc:gdcustel:us:te:le:di:re:c0:12:16:usteledirec01216:usteledirec01216_0144/full/pct:3.125/0/default.jpg,9503,6407
24,https://tile.loc.gov/image-services/iiif/service:gdc:gdcustel:us:te:le:di:re:c0:12:16:usteledirec01216:usteledirec01216_0145/full/pct:100/0/default.jpg,https://tile.loc.gov/image-services/iiif/service:gdc:gdcustel:us:te:le:di:re:c0:12:16:usteledirec01216:usteledirec01216_0145/full/pct:3.125/0/default.jpg,9487,6391
25,https://tile.loc.gov/image-services/iiif/service:gdc:gdcustel:us:te:le:di:re:c0:12:16:usteledirec01216:usteledirec01216_0146/full/pct:100/0/default.jpg,https://tile.loc.gov/image-services/iiif/service:gdc:gdcustel:us:te:le:di:re:c0:12:16:usteledirec01216:usteledirec01216_0146/full/pct:3.125/0/default.jpg,9440,6424
26,https://tile.loc.gov/image-services/iiif/service:gdc:gdcustel:us:te:le:di:re:c0:12:16:usteledirec01216:usteledirec01216_0147/full/pct:100/0/default.jpg,https://tile.loc.gov/image-services/iiif/service:gdc:gdcustel:us:te:le:di:re:c0:12:16:usteledirec01216:usteledirec01216_0147/full/pct:3.125/0/default.jpg,9391,6439
27,https://tile.loc.gov/image-services/iiif/service:gdc:gdcustel:us:te:le:di:re:c0:12:16:usteledirec01216:usteledirec01216_0148/full/pct:100/0/default.jpg,https://tile.loc.gov/image-services/iiif/service:gdc:gdcustel:us:te:le:di:re:c0:12:16:usteledirec01216:usteledirec01216_0148/full/pct:3.125/0/default.jpg,9423,6423
28,https://tile.loc.gov/image-services/iiif/service:gdc:gdcustel:us:te:le:di:re:c0:12:16:usteledirec01216:usteledirec01216_0149/full/pct:100/0/default.jpg,https://tile.loc.gov/image-services/iiif/service:gdc:gdcustel:us:te:le:di:re:c0:12:16:usteledirec01216:usteledirec01216_0149/full/pct:3.125/0/default.jpg,9424,6408
29,https://tile.loc.gov/image-services/iiif/service:gdc:gdcustel:us:te:le:di:re:c0:12:16:usteledirec01216:usteledirec01216_0150/full/pct:100/0/default.jpg,https://tile.loc.gov/image-services/iiif/service:gdc:gdcustel:us:te:le:di:re:c0:12:16:usteledirec01216:usteledirec01216_0150/full/pct:3.125/0/default.jpg,9423,6423
30,https://tile.loc.gov/image-services/iiif/service:gdc:gdcustel:us:te:le:di:re:c0:12:16:usteledirec01216:usteledirec01216_0151/full/pct:100/0/default.jpg,https://tile.loc.gov/image-services/iiif/service:gdc:gdcustel:us:te:le:di:re:c0:12:16:usteledirec01216:usteledirec01216_0151/full/pct:3.125/0/default.jpg,9440,6424
31,https://tile.loc.gov/image-services/iiif/service:gdc:gdcustel:us:te:le:di:re:c0:12:16:usteledirec01216:usteledirec01216_0152/full/pct:100/0/default.jpg,https://tile.loc.gov/image-services/iiif/service:gdc:gdcustel:us:te:le:di:re:c0:12:16:usteledirec01216:usteledirec01216_0152/full/pct:3.125/0/default.jpg,9472,6424
32,https://tile.loc.gov/image-services/iiif/service:gdc:gdcustel:us:te:le:di:re:c0:12:16:usteledirec01216:usteledirec01216_0153/full/pct:100/0/default.jpg,https://tile.loc.gov/image-services/iiif/service:gdc:gdcustel:us:te:le:di:re:c0:12:16:usteledirec01216:usteledirec01216_0153/full/pct:3.125/0/default.jpg,9440,6424
33,https://tile.loc.gov/image-services/iiif/service:gdc:gdcustel:us:te:le:di:re:c0:12:16:usteledirec01216:usteledirec01216_0154/full/pct:100/0/default.jpg,https://tile.loc.gov/image-services/iiif/service:gdc:gdcustel:us:te:le:di:re:c0:12:16:usteledirec01216:usteledirec01216_0154/full/pct:3.125/0/default.jpg,9455,6423
34,https://tile.loc.gov/image-services/iiif/service:gdc:gdcustel:us:te:le:di:re:c0:12:16:usteledirec01216:usteledirec01216_0155/full/pct:100/0/default.jpg,https://tile.loc.gov/image-services/iiif/service:gdc:gdcustel:us:te:le:di:re:c0:12:16:usteledirec01216:usteledirec01216_0155/full/pct:3.125/0/default.jpg,9440,6424
35,https://tile.loc.gov/image-services/iiif/service:gdc:gdcustel:us:te:le:di:re:c0:12:16:usteledirec01216:usteledirec01216_0156/full/pct:100/0/default.jpg,https://tile.loc.gov/image-services/iiif/service:gdc:gdcustel:us:te:le:di:re:c0:12:16:usteledirec01216:usteledirec01216_0156/full/pct:3.125/0/default.jpg,9424,6424
36,https://tile.loc.gov/image-services/iiif/service:gdc:gdcustel:us:te:le:di:re:c0:12:16:usteledirec01216:usteledirec01216_0157/full/pct:100/0/default.jpg,https://tile.loc.gov/image-services/iiif/service:gdc:gdcustel:us:te:le:di:re:c0:12:16:usteledirec01216:usteledirec01216_0157/full/pct:3.125/0/default.jpg,9424,6424
37,https://tile.loc.gov/image-services/iiif/service:gdc:gdcustel:us:te:le:di:re:c0:12:16:usteledirec01216:usteledirec01216_0158/full/pct:100/0/default.jpg,https://tile.loc.gov/image-services/iiif/service:gdc:gdcustel:us:te:le:di:re:c0:12:16:usteledirec01216:usteledirec01216_0158/full/pct:3.125/0/default.jpg,9440,6424
38,https://tile.loc.gov/image-services/iiif/service:gdc:gdcustel:us:te:le:di:re:c0:12:16:usteledirec01216:usteledirec01216_0159/full/pct:100/0/default.jpg,https://tile.loc.gov/image-services/iiif/service:gdc:gdcustel:us:te:le:di:re:c0:12:16:usteledirec01216:usteledirec01216_0159/full/pct:3.125/0/default.jpg,9456,6424
39,https://tile.loc.gov/image-services/iiif/service:gdc:gdcustel:us:te:le:di:re:c0:12:16:usteledirec01216:usteledirec01216_0160/full/pct:100/0/default.jpg,https://tile.loc.gov/image-services/iiif/service:gdc:gdcustel:us:te:le:di:re:c0:12:16:usteledirec01216:usteledirec01216_0160/full/pct:3.125/0/default.jpg,9439,6407
40,https://tile.loc.gov/image-services/iiif/service:gdc:gdcustel:us:te:le:di:re:c0:12:16:usteledirec01216:usteledirec01216_0161/full/pct:100/0/default.jpg,https://tile.loc.gov/image-services/iiif/service:gdc:gdcustel:us:te:le:di:re:c0:12:16:usteledirec01216:usteledirec01216_0161/full/pct:3.125/0/default.jpg,9472,6440
41,https://tile.loc.gov/image-services/iiif/service:gdc:gdcustel:us:te:le:di:re:c0:12:16:usteledirec01216:usteledirec01216_0162/full/pct:100/0/default.jpg,https://tile.loc.gov/image-services/iiif/service:gdc:gdcustel:us:te:le:di:re:c0:12:16:usteledirec01216:usteledirec01216_0162/full/pct:3.125/0/default.jpg,9440,6424
42,https://tile.loc.gov/image-services/iiif/service:gdc:gdcustel:us:te:le:di:re:c0:12:16:usteledirec01216:usteledirec01216_0163/full/pct:100/0/default.jpg,https://tile.loc.gov/image-services/iiif/service:gdc:gdcustel:us:te:le:di:re:c0:12:16:usteledirec01216:usteledirec01216_0163/full/pct:3.125/0/default.jpg,9408,6424
43,https://tile.loc.gov/image-services/iiif/service:gdc:gdcustel:us:te:le:di:re:c0:12:16:usteledirec01216:usteledirec01216_0164/full/pct:100/0/default.jpg,https://tile.loc.gov/image-services/iiif/service:gdc:gdcustel:us:te:le:di:re:c0:12:16:usteledirec01216:usteledirec01216_0164/full/pct:3.125/0/default.jpg,9424,6424
44,https://tile.loc.gov/image-services/iiif/service:gdc:gdcustel:us:te:le:di:re:c0:12:16:usteledirec01216:usteledirec01216_0165/full/pct:100/0/default.jpg,https://tile.loc.gov/image-services/iiif/service:gdc:gdcustel:us:te:le:di:re:c0:12:16:usteledirec01216:usteledirec01216_0165/full/pct:3.125/0/default.jpg,9407,6423
45,https://tile.loc.gov/image-services/iiif/service:gdc:gdcustel:us:te:le:di:re:c0:12:16:usteledirec01216:usteledirec01216_0166/full/pct:100/0/default.jpg,https://tile.loc.gov/image-services/iiif/service:gdc:gdcustel:us:te:le:di:re:c0:12:16:usteledirec01216:usteledirec01216_0166/full/pct:3.125/0/default.jpg,9456,6424
46,https://tile.loc.gov/image-services/iiif/service:gdc:gdcustel:us:te:le:di:re:c0:12:16:usteledirec01216:usteledirec01216_0167/full/pct:100/0/default.jpg,https://tile.loc.gov/image-services/iiif/service:gdc:gdcustel:us:te:le:di:re:c0:12:16:usteledirec01216:usteledirec01216_0167/full/pct:3.125/0/default.jpg,9439,6423
47,https://tile.loc.gov/image-services/iiif/service:gdc:gdcustel:us:te:le:di:re:c0:12:16:usteledirec01216:usteledirec01216_0168/full/pct:100/0/default.jpg,https://tile.loc.gov/image-services/iiif/service:gdc:gdcustel:us:te:le:di:re:c0:12:16:usteledirec01216:usteledirec01216_0168/full/pct:3.125/0/default.jpg,9455,6423
48,https://tile.loc.gov/image-services/iiif/service:gdc:gdcustel:us:te:le:di:re:c0:12:16:usteledirec01216:usteledirec01216_0169/full/pct:100/0/default.jpg,https://tile.loc.gov/image-services/iiif/service:gdc:gdcustel:us:te:le:di:re:c0:12:16:usteledirec01216:usteledirec01216_0169/full/pct:3.125/0/default.jpg,9455,6407
49,https://tile.loc.gov/image-services/iiif/service:gdc:gdcustel:us:te:le:di:re:c0:12:16:usteledirec01216:usteledirec01216_0170/full/pct:100/0/default.jpg,https://tile.loc.gov/image-services/iiif/service:gdc:gdcustel:us:te:le:di:re:c0:12:16:usteledirec01216:usteledirec01216_0170/full/pct:3.125/0/default.jpg,9423,6408
50,https://tile.loc.gov/image-services/iiif/service:gdc:gdcustel:us:te:le:di:re:c0:12:16:usteledirec01216:usteledirec01216_0171/full/pct:100/0/default.jpg,https://tile.loc.gov/image-services/iiif/service:gdc:gdcustel:us:te:le:di:re:c0:12:16:usteledirec01216:usteledirec01216_0171/full/pct:3.125/0/default.jpg,9455,6439
51,https://tile.loc.gov/image-services/iiif/service:gdc:gdcustel:us:te:le:di:re:c0:12:16:usteledirec01216:usteledirec01216_0172/full/pct:100/0/default.jpg,https://tile.loc.gov/image-services/iiif/service:gdc:gdcustel:us:te:le:di:re:c0:12:16:usteledirec01216:usteledirec01216_0172/full/pct:3.125/0/default.jpg,9440,6392
52,https://tile.loc.gov/image-services/iiif/service:gdc:gdcustel:us:te:le:di:re:c0:12:16:usteledirec01216:usteledirec01216_0173/full/pct:100/0/default.jpg,https://tile.loc.gov/image-services/iiif/service:gdc:gdcustel:us:te:le:di:re:c0:12:16:usteledirec01216:usteledirec01216_0173/full/pct:3.125/0/default.jpg,9455,6407
53,https://tile.loc.gov/image-services/iiif/service:gdc:gdcustel:us:te:le:di:re:c0:12:16:usteledirec01216:usteledirec01216_0174/full/pct:100/0/default.jpg,https://tile.loc.gov/image-services/iiif/service:gdc:gdcustel:us:te:le:di:re:c0:12:16:usteledirec01216:usteledirec01216_0174/full/pct:3.125/0/default.jpg,9440,6408
54,https://tile.loc.gov/image-services/iiif/service:gdc:gdcustel:us:te:le:di:re:c0:12:16:usteledirec01216:usteledirec01216_0175/full/pct:100/0/default.jpg,https://tile.loc.gov/image-services/iiif/service:gdc:gdcustel:us:te:le:di:re:c0:12:16:usteledirec01216:usteledirec01216_0175/full/pct:3.125/0/default.jpg,9440,6424
55,https://tile.loc.gov/image-services/iiif/service:gdc:gdcustel:us:te:le:di:re:c0:12:16:usteledirec01216:usteledirec01216_0176/full/pct:100/0/default.jpg,https://tile.loc.gov/image-services/iiif/service:gdc:gdcustel:us:te:le:di:re:c0:12:16:usteledirec01216:usteledirec01216_0176/full/pct:3.125/0/default.jpg,9440,6408
56,https://tile.loc.gov/image-services/iiif/service:gdc:gdcustel:us:te:le:di:re:c0:12:16:usteledirec01216:usteledirec01216_0177/full/pct:100/0/default.jpg,https://tile.loc.gov/image-services/iiif/service:gdc:gdcustel:us:te:le:di:re:c0:12:16:usteledirec01216:usteledirec01216_0177/full/pct:3.125/0/default.jpg,9456,6424
57,https://tile.loc.gov/image-services/iiif/service:gdc:gdcustel:us:te:le:di:re:c0:12:16:usteledirec01216:usteledirec01216_0178/full/pct:100/0/default.jpg,https://tile.loc.gov/image-services/iiif/service:gdc:gdcustel:us:te:le:di:re:c0:12:16:usteledirec01216:usteledirec01216_0178/full/pct:3.125/0/default.jpg,9440,6424
58,https://tile.loc.gov/image-services/iiif/service:gdc:gdcustel:us:te:le:di:re:c0:12:16:usteledirec01216:usteledirec01216_0179/full/pct:100/0/default.jpg,https://tile.loc.gov/image-services/iiif/service:gdc:gdcustel:us:te:le:di:re:c0:12:16:usteledirec01216:usteledirec01216_0179/full/pct:3.125/0/default.jpg,9440,6424
59,https://tile.loc.gov/image-services/iiif/service:gdc:gdcustel:us:te:le:di:re:c0:12:16:usteledirec01216:usteledirec01216_0180/full/pct:100/0/default.jpg,https://tile.loc.gov/image-services/iiif/service:gdc:gdcustel:us:te:le:di:re:c0:12:16:usteledirec01216:usteledirec01216_0180/full/pct:3.125/0/default.jpg,9456,6408
60,https://tile.loc.gov/image-services/iiif/service:gdc:gdcustel:us:te:le:di:re:c0:12:16:usteledirec01216:usteledirec01216_0181/full/pct:100/0/default.jpg,https://tile.loc.gov/image-services/iiif/service:gdc:gdcustel:us:te:le:di:re:c0:12:16:usteledirec01216:usteledirec01216_0181/full/pct:3.125/0/default.jpg,9423,6423
61,https://tile.loc.gov/image-services/iiif/service:gdc:gdcustel:us:te:le:di:re:c0:12:16:usteledirec01216:usteledirec01216_0182/full/pct:100/0/default.jpg,https://tile.loc.gov/image-services/iiif/service:gdc:gdcustel:us:te:le:di:re:c0:12:16:usteledirec01216:usteledirec01216_0182/full/pct:3.125/0/default.jpg,9424,6440
62,https://tile.loc.gov/image-services/iiif/service:gdc:gdcustel:us:te:le:di:re:c0:12:16:usteledirec01216:usteledirec01216_0183/full/pct:100/0/default.jpg,https://tile.loc.gov/image-services/iiif/service:gdc:gdcustel:us:te:le:di:re:c0:12:16:usteledirec01216:usteledirec01216_0183/full/pct:3.125/0/default.jpg,9456,6424
63,https://tile.loc.gov/image-services/iiif/service:gdc:gdcustel:us:te:le:di:re:c0:12:16:usteledirec01216:usteledirec01216_0184/full/pct:100/0/default.jpg,https://tile.loc.gov/image-services/iiif/service:gdc:gdcustel:us:te:le:di:re:c0:12:16:usteledirec01216:usteledirec01216_0184/full/pct:3.125/0/default.jpg,9455,6423
64,https://tile.loc.gov/image-services/iiif/service:gdc:gdcustel:us:te:le:di:re:c0:12:16:usteledirec01216:usteledirec01216_0185/full/pct:100/0/default.jpg,https://tile.loc.gov/image-services/iiif/service:gdc:gdcustel:us:te:le:di:re:c0:12:16:usteledirec01216:usteledirec01216_0185/full/pct:3.125/0/default.jpg,9423,6423
65,https://tile.loc.gov/image-services/iiif/service:gdc:gdcustel:us:te:le:di:re:c0:12:16:usteledirec01216:usteledirec01216_0186/full/pct:100/0/default.jpg,https://tile.loc.gov/image-services/iiif/service:gdc:gdcustel:us:te:le:di:re:c0:12:16:usteledirec01216:usteledirec01216_0186/full/pct:3.125/0/default.jpg,9440,6424
66,https://tile.loc.gov/image-services/iiif/service:gdc:gdcustel:us:te:le:di:re:c0:12:16:usteledirec01216:usteledirec01216_0187/full/pct:100/0/default.jpg,https://tile.loc.gov/image-services/iiif/service:gdc:gdcustel:us:te:le:di:re:c0:12:16:usteledirec01216:usteledirec01216_0187/full/pct:3.125/0/default.jpg,9471,6439
67,https://tile.loc.gov/image-services/iiif/service:gdc:gdcustel:us:te:le:di:re:c0:12:16:usteledirec01216:usteledirec01216_0188/full/pct:100/0/default.jpg,https://tile.loc.gov/image-services/iiif/service:gdc:gdcustel:us:te:le:di:re:c0:12:16:usteledirec01216:usteledirec01216_0188/full/pct:3.125/0/default.jpg,9471,6407
68,https://tile.loc.gov/image-services/iiif/service:gdc:gdcustel:us:te:le:di:re:c0:12:16:usteledirec01216:usteledirec01216_0189/full/pct:100/0/default.jpg,https://tile.loc.gov/image-services/iiif/service:gdc:gdcustel:us:te:le:di:re:c0:12:16:usteledirec01216:usteledirec01216_0189/full/pct:3.125/0/default.jpg,9471,6423
69,https://tile.loc.gov/image-services/iiif/service:gdc:gdcustel:us:te:le:di:re:c0:12:16:usteledirec01216:usteledirec01216_0190/full/pct:100/0/default.jpg,https://tile.loc.gov/image-services/iiif/service:gdc:gdcustel:us:te:le:di:re:c0:12:16:usteledirec01216:usteledirec01216_0190/full/pct:3.125/0/default.jpg,9471,6407
70,https://tile.loc.gov/image-services/iiif/service:gdc:gdcustel:us:te:le:di:re:c0:12:16:usteledirec01216:usteledirec01216_0191/full/pct:100/0/default.jpg,https://tile.loc.gov/image-services/iiif/service:gdc:gdcustel:us:te:le:di:re:c0:12:16:usteledirec01216:usteledirec01216_0191/full/pct:3.125/0/default.jpg,9487,6423
71,https://tile.loc.gov/image-services/iiif/service:gdc:gdcustel:us:te:le:di:re:c0:12:16:usteledirec01216:usteledirec01216_0192/full/pct:100/0/default.jpg,https://tile.loc.gov/image-services/iiif/service:gdc:gdcustel:us:te:le:di:re:c0:12:16:usteledirec01216:usteledirec01216_0192/full/pct:3.125/0/default.jpg,9472,6440
72,https://tile.loc.gov/image-services/iiif/service:gdc:gdcustel:us:te:le:di:re:c0:12:16:usteledirec01216:usteledirec01216_0193/full/pct:100/0/default.jpg,https://tile.loc.gov/image-services/iiif/service:gdc:gdcustel:us:te:le:di:re:c0:12:16:usteledirec01216:usteledirec01216_0193/full/pct:3.125/0/default.jpg,9471,6423
73,https://tile.loc.gov/image-services/iiif/service:gdc:gdcustel:us:te:le:di:re:c0:12:16:usteledirec01216:usteledirec01216_0194/full/pct:100/0/default.jpg,https://tile.loc.gov/image-services/iiif/service:gdc:gdcustel:us:te:le:di:re:c0:12:16:usteledirec01216:usteledirec01216_0194/full/pct:3.125/0/default.jpg,9487,6407
74,https://tile.loc.gov/image-services/iiif/service:gdc:gdcustel:us:te:le:di:re:c0:12:16:usteledirec01216:usteledirec01216_0195/full/pct:100/0/default.jpg,https://tile.loc.gov/image-services/iiif/service:gdc:gdcustel:us:te:le:di:re:c0:12:16:usteledirec01216:usteledirec01216_0195/full/pct:3.125/0/default.jpg,9407,6424
75,https://tile.loc.gov/image-services/iiif/service:gdc:gdcustel:us:te:le:di:re:c0:12:16:usteledirec01216:usteledirec01216_0196/full/pct:100/0/default.jpg,https://tile.loc.gov/image-services/iiif/service:gdc:gdcustel:us:te:le:di:re:c0:12:16:usteledirec01216:usteledirec01216_0196/full/pct:3.125/0/default.jpg,9408,6424
76,https://tile.loc.gov/image-services/iiif/service:gdc:gdcustel:us:te:le:di:re:c0:12:16:usteledirec01216:usteledirec01216_0197/full/pct:100/0/default.jpg,https://tile.loc.gov/image-services/iiif/service:gdc:gdcustel:us:te:le:di:re:c0:12:16:usteledirec01216:usteledirec01216_0197/full/pct:3.125/0/default.jpg,9407,6407
77,https://tile.loc.gov/image-services/iiif/service:gdc:gdcustel:us:te:le:di:re:c0:12:16:usteledirec01216:usteledirec01216_0198/full/pct:100/0/default.jpg,https://tile.loc.gov/image-services/iiif/service:gdc:gdcustel:us:te:le:di:re:c0:12:16:usteledirec01216:usteledirec01216_0198/full/pct:3.125/0/default.jpg,9439,6439
78,https://tile.loc.gov/image-services/iiif/service:gdc:gdcustel:us:te:le:di:re:c0:12:16:usteledirec01216:usteledirec01216_0199/full/pct:100/0/default.jpg,https://tile.loc.gov/image-services/iiif/service:gdc:gdcustel:us:te:le:di:re:c0:12:16:usteledirec01216:usteledirec01216_0199/full/pct:3.125/0/default.jpg,9440,6424
79,https://tile.loc.gov/image-services/iiif/service:gdc:gdcustel:us:te:le:di:re:c0:12:16:usteledirec01216:usteledirec01216_0200/full/pct:100/0/default.jpg,https://tile.loc.gov/image-services/iiif/service:gdc:gdcustel:us:te:le:di:re:c0:12:16:usteledirec01216:usteledirec01216_0200/full/pct:3.125/0/default.jpg,9424,6424
80,https://tile.loc.gov/image-services/iiif/service:gdc:gdcustel:us:te:le:di:re:c0:12:16:usteledirec01216:usteledirec01216_0201/full/pct:100/0/default.jpg,https://tile.loc.gov/image-services/iiif/service:gdc:gdcustel:us:te:le:di:re:c0:12:16:usteledirec01216:usteledirec01216_0201/full/pct:3.125/0/default.jpg,9439,6407
81,https://tile.loc.gov/image-services/iiif/service:gdc:gdcustel:us:te:le:di:re:c0:12:16:usteledirec01216:usteledirec01216_0202/full/pct:100/0/default.jpg,https://tile.loc.gov/image-services/iiif/service:gdc:gdcustel:us:te:le:di:re:c0:12:16:usteledirec01216:usteledirec01216_0202/full/pct:3.125/0/default.jpg,9439,6423
82,https://tile.loc.gov/image-services/iiif/service:gdc:gdcustel:us:te:le:di:re:c0:12:16:usteledirec01216:usteledirec01216_0203/full/pct:100/0/default.jpg,https://tile.loc.gov/image-services/iiif/service:gdc:gdcustel:us:te:le:di:re:c0:12:16:usteledirec01216:usteledirec01216_0203/full/pct:3.125/0/default.jpg,9439,6423
83,https://tile.loc.gov/image-services/iiif/service:gdc:gdcustel:us:te:le:di:re:c0:12:16:usteledirec01216:usteledirec01216_0204/full/pct:100/0/default.jpg,https://tile.loc.gov/image-services/iiif/service:gdc:gdcustel:us:te:le:di:re:c0:12:16:usteledirec01216:usteledirec01216_0204/full/pct:3.125/0/default.jpg,9439,6407
84,https://tile.loc.gov/image-services/iiif/service:gdc:gdcustel:us:te:le:di:re:c0:12:16:usteledirec01216:usteledirec01216_0205/full/pct:100/0/default.jpg,https://tile.loc.gov/image-services/iiif/service:gdc:gdcustel:us:te:le:di:re:c0:12:16:usteledirec01216:usteledirec01216_0205/full/pct:3.125/0/default.jpg,9439,6423
85,https://tile.loc.gov/image-services/iiif/service:gdc:gdcustel:us:te:le:di:re:c0:12:16:usteledirec01216:usteledirec01216_0206/full/pct:100/0/default.jpg,https://tile.loc.gov/image-services/iiif/service:gdc:gdcustel:us:te:le:di:re:c0:12:16:usteledirec01216:usteledirec01216_0206/full/pct:3.125/0/default.jpg,9407,6407
86,https://tile.loc.gov/image-services/iiif/service:gdc:gdcustel:us:te:le:di:re:c0:12:16:usteledirec01216:usteledirec01216_0207/full/pct:100/0/default.jpg,https://tile.loc.gov/image-services/iiif/service:gdc:gdcustel:us:te:le:di:re:c0:12:16:usteledirec01216:usteledirec01216_0207/full/pct:3.125/0/default.jpg,9423,6423
87,https://tile.loc.gov/image-services/iiif/service:gdc:gdcustel:us:te:le:di:re:c0:12:16:usteledirec01216:usteledirec01216_0208/full/pct:100/0/default.jpg,https://tile.loc.gov/image-services/iiif/service:gdc:gdcustel:us:te:le:di:re:c0:12:16:usteledirec01216:usteledirec01216_0208/full/pct:3.125/0/default.jpg,9456,6424
88,https://tile.loc.gov/image-services/iiif/service:gdc:gdcustel:us:te:le:di:re:c0:12:16:usteledirec01216:usteledirec01216_0209/full/pct:100/0/default.jpg,https://tile.loc.gov/image-services/iiif/service:gdc:gdcustel:us:te:le:di:re:c0:12:16:usteledirec01216:usteledirec01216_0209/full/pct:3.125/0/default.jpg,9423,6439
89,https://tile.loc.gov/image-services/iiif/service:gdc:gdcustel:us:te:le:di:re:c0:12:16:usteledirec01216:usteledirec01216_0210/full/pct:100/0/default.jpg,https://tile.loc.gov/image-services/iiif/service:gdc:gdcustel:us:te:le:di:re:c0:12:16:usteledirec01216:usteledirec01216_0210/full/pct:3.125/0/default.jpg,9423,6407
90,https://tile.loc.gov/image-services/iiif/service:gdc:gdcustel:us:te:le:di:re:c0:12:16:usteledirec01216:usteledirec01216_0211/full/pct:100/0/default.jpg,https://tile.loc.gov/image-services/iiif/service:gdc:gdcustel:us:te:le:di:re:c0:12:16:usteledirec01216:usteledirec01216_0211/full/pct:3.125/0/default.jpg,9439,6423
91,https://tile.loc.gov/image-services/iiif/service:gdc:gdcustel:us:te:le:di:re:c0:12:16:usteledirec01216:usteledirec01216_0212/full/pct:100/0/default.jpg,https://tile.loc.gov/image-services/iiif/service:gdc:gdcustel:us:te:le:di:re:c0:12:16:usteledirec01216:usteledirec01216_0212/full/pct:3.125/0/default.jpg,9439,6439
92,https://tile.loc.gov/image-services/iiif/service:gdc:gdcustel:us:te:le:di:re:c0:12:16:usteledirec01216:usteledirec01216_0213/full/pct:100/0/default.jpg,https://tile.loc.gov/image-services/iiif/service:gdc:gdcustel:us:te:le:di:re:c0:12:16:usteledirec01216:usteledirec01216_0213/full/pct:3.125/0/default.jpg,9439,6423
93,https://tile.loc.gov/image-services/iiif/service:gdc:gdcustel:us:te:le:di:re:c0:12:16:usteledirec01216:usteledirec01216_0214/full/pct:100/0/default.jpg,https://tile.loc.gov/image-services/iiif/service:gdc:gdcustel:us:te:le:di:re:c0:12:16:usteledirec01216:usteledirec01216_0214/full/pct:3.125/0/default.jpg,9471,6407
94,https://tile.loc.gov/image-services/iiif/service:gdc:gdcustel:us:te:le:di:re:c0:12:16:usteledirec01216:usteledirec01216_0215/full/pct:100/0/default.jpg,https://tile.loc.gov/image-services/iiif/service:gdc:gdcustel:us:te:le:di:re:c0:12:16:usteledirec01216:usteledirec01216_0215/full/pct:3.125/0/default.jpg,9487,6423
95,https://tile.loc.gov/image-services/iiif/service:gdc:gdcustel:us:te:le:di:re:c0:12:16:usteledirec01216:usteledirec01216_0216/full/pct:100/0/default.jpg,https://tile.loc.gov/image-services/iiif/service:gdc:gdcustel:us:te:le:di:re:c0:12:16:usteledirec01216:usteledirec01216_0216/full/pct:3.125/0/default.jpg,9455,6423
96,https://tile.loc.gov/image-services/iiif/service:gdc:gdcustel:us:te:le:di:re:c0:12:16:usteledirec01216:usteledirec01216_0217/full/pct:100/0/default.jpg,https://tile.loc.gov/image-services/iiif/service:gdc:gdcustel:us:te:le:di:re:c0:12:16:usteledirec01216:usteledirec01216_0217/full/pct:3.125/0/default.jpg,9471,6423
97,https://tile.loc.gov/image-services/iiif/service:gdc:gdcustel:us:te:le:di:re:c0:12:16:usteledirec01216:usteledirec01216_0218/full/pct:100/0/default.jpg,https://tile.loc.gov/image-services/iiif/service:gdc:gdcustel:us:te:le:di:re:c0:12:16:usteledirec01216:usteledirec01216_0218/full/pct:3.125/0/default.jpg,9455,6407
98,https://tile.loc.gov/image-services/iiif/service:gdc:gdcustel:us:te:le:di:re:c0:12:16:usteledirec01216:usteledirec01216_0219/full/pct:100/0/default.jpg,https://tile.loc.gov/image-services/iiif/service:gdc:gdcustel:us:te:le:di:re:c0:12:16:usteledirec01216:usteledirec01216_0219/full/pct:3.125/0/default.jpg,9439,6407
99,https://tile.loc.gov/image-services/iiif/service:gdc:gdcustel:us:te:le:di:re:c0:12:16:usteledirec01216:usteledirec01216_0220/full/pct:100/0/default.jpg,https://tile.loc.gov/image-services/iiif/service:gdc:gdcustel:us:te:le:di:re:c0:12:16:usteledirec01216:usteledirec01216_0220/full/pct:3.125/0/default.jpg,9391,6423
100,https://tile.loc.gov/image-services/iiif/service:gdc:gdcustel:us:te:le:di:re:c0:12:16:usteledirec01216:usteledirec01216_0221/full/pct:100/0/default.jpg,https://tile.loc.gov/image-services/iiif/service:gdc:gdcustel:us:te:le:di:re:c0:12:16:usteledirec01216:usteledirec01216_0221/full/pct:3.125/0/default.jpg,9456,6440
101,https://tile.loc.gov/image-services/iiif/service:gdc:gdcustel:us:te:le:di:re:c0:12:16:usteledirec01216:usteledirec01216_0222/full/pct:100/0/default.jpg,https://tile.loc.gov/image-services/iiif/service:gdc:gdcustel:us:te:le:di:re:c0:12:16:usteledirec01216:usteledirec01216_0222/full/pct:3.125/0/default.jpg,9424,6424
102,https://tile.loc.gov/image-services/iiif/service:gdc:gdcustel:us:te:le:di:re:c0:12:16:usteledirec01216:usteledirec01216_0223/full/pct:100/0/default.jpg,https://tile.loc.gov/image-services/iiif/service:gdc:gdcustel:us:te:le:di:re:c0:12:16:usteledirec01216:usteledirec01216_0223/full/pct:3.125/0/default.jpg,9392,6424
103,https://tile.loc.gov/image-services/iiif/service:gdc:gdcustel:us:te:le:di:re:c0:12:16:usteledirec01216:usteledirec01216_0224/full/pct:100/0/default.jpg,https://tile.loc.gov/image-services/iiif/service:gdc:gdcustel:us:te:le:di:re:c0:12:16:usteledirec01216:usteledirec01216_0224/full/pct:3.125/0/default.jpg,9424,6424
104,https://tile.loc.gov/image-services/iiif/service:gdc:gdcustel:us:te:le:di:re:c0:12:16:usteledirec01216:usteledirec01216_0225/full/pct:100/0/default.jpg,https://tile.loc.gov/image-services/iiif/service:gdc:gdcustel:us:te:le:di:re:c0:12:16:usteledirec01216:usteledirec01216_0225/full/pct:3.125/0/default.jpg,9424,6424
105,https://tile.loc.gov/image-services/iiif/service:gdc:gdcustel:us:te:le:di:re:c0:12:16:usteledirec01216:usteledirec01216_0226/full/pct:100/0/default.jpg,https://tile.loc.gov/image-services/iiif/service:gdc:gdcustel:us:te:le:di:re:c0:12:16:usteledirec01216:usteledirec01216_0226/full/pct:3.125/0/default.jpg,9424,6424
106,https://tile.loc.gov/image-services/iiif/service:gdc:gdcustel:us:te:le:di:re:c0:12:16:usteledirec01216:usteledirec01216_0227/full/pct:100/0/default.jpg,https://tile.loc.gov/image-services/iiif/service:gdc:gdcustel:us:te:le:di:re:c0:12:16:usteledirec01216:usteledirec01216_0227/full/pct:3.125/0/default.jpg,9408,6440
107,https://tile.loc.gov/image-services/iiif/service:gdc:gdcustel:us:te:le:di:re:c0:12:16:usteledirec01216:usteledirec01216_0228/full/pct:100/0/default.jpg,https://tile.loc.gov/image-services/iiif/service:gdc:gdcustel:us:te:le:di:re:c0:12:16:usteledirec01216:usteledirec01216_0228/full/pct:3.125/0/default.jpg,9439,6423
108,https://tile.loc.gov/image-services/iiif/service:gdc:gdcustel:us:te:le:di:re:c0:12:16:usteledirec01216:usteledirec01216_0229/full/pct:100/0/default.jpg,https://tile.loc.gov/image-services/iiif/service:gdc:gdcustel:us:te:le:di:re:c0:12:16:usteledirec01216:usteledirec01216_0229/full/pct:3.125/0/default.jpg,9439,6407
109,https://tile.loc.gov/image-services/iiif/service:gdc:gdcustel:us:te:le:di:re:c0:12:16:usteledirec01216:usteledirec01216_0230/full/pct:100/0/default.jpg,https://tile.loc.gov/image-services/iiif/service:gdc:gdcustel:us:te:le:di:re:c0:12:16:usteledirec01216:usteledirec01216_0230/full/pct:3.125/0/default.jpg,9423,6407
110,https://tile.loc.gov/image-services/iiif/service:gdc:gdcustel:us:te:le:di:re:c0:12:16:usteledirec01216:usteledirec01216_0231/full/pct:100/0/default.jpg,https://tile.loc.gov/image-services/iiif/service:gdc:gdcustel:us:te:le:di:re:c0:12:16:usteledirec01216:usteledirec01216_0231/full/pct:3.125/0/default.jpg,9439,6407
111,https://tile.loc.gov/image-services/iiif/service:gdc:gdcustel:us:te:le:di:re:c0:12:16:usteledirec01216:usteledirec01216_0232/full/pct:100/0/default.jpg,https://tile.loc.gov/image-services/iiif/service:gdc:gdcustel:us:te:le:di:re:c0:12:16:usteledirec01216:usteledirec01216_0232/full/pct:3.125/0/default.jpg,9455,6423
112,https://tile.loc.gov/image-services/iiif/service:gdc:gdcustel:us:te:le:di:re:c0:12:16:usteledirec01216:usteledirec01216_0233/full/pct:100/0/default.jpg,https://tile.loc.gov/image-services/iiif/service:gdc:gdcustel:us:te:le:di:re:c0:12:16:usteledirec01216:usteledirec01216_0233/full/pct:3.125/0/default.jpg,9455,6423
113,https://tile.loc.gov/image-services/iiif/service:gdc:gdcustel:us:te:le:di:re:c0:12:16:usteledirec01216:usteledirec01216_0234/full/pct:100/0/default.jpg,https://tile.loc.gov/image-services/iiif/service:gdc:gdcustel:us:te:le:di:re:c0:12:16:usteledirec01216:usteledirec01216_0234/full/pct:3.125/0/default.jpg,9439,6423
114,https://tile.loc.gov/image-services/iiif/service:gdc:gdcustel:us:te:le:di:re:c0:12:16:usteledirec01216:usteledirec01216_0235/full/pct:100/0/default.jpg,https://tile.loc.gov/image-services/iiif/service:gdc:gdcustel:us:te:le:di:re:c0:12:16:usteledirec01216:usteledirec01216_0235/full/pct:3.125/0/default.jpg,9455,6423
115,https://tile.loc.gov/image-services/iiif/service:gdc:gdcustel:us:te:le:di:re:c0:12:16:usteledirec01216:usteledirec01216_0236/full/pct:100/0/default.jpg,https://tile.loc.gov/image-services/iiif/service:gdc:gdcustel:us:te:le:di:re:c0:12:16:usteledirec01216:usteledirec01216_0236/full/pct:3.125/0/default.jpg,9455,6407
116,https://tile.loc.gov/image-services/iiif/service:gdc:gdcustel:us:te:le:di:re:c0:12:16:usteledirec01216:usteledirec01216_0237/full/pct:100/0/default.jpg,https://tile.loc.gov/image-services/iiif/service:gdc:gdcustel:us:te:le:di:re:c0:12:16:usteledirec01216:usteledirec01216_0237/full/pct:3.125/0/default.jpg,9439,6423
117,https://tile.loc.gov/image-services/iiif/service:gdc:gdcustel:us:te:le:di:re:c0:12:16:usteledirec01216:usteledirec01216_0238/full/pct:100/0/default.jpg,https://tile.loc.gov/image-services/iiif/service:gdc:gdcustel:us:te:le:di:re:c0:12:16:usteledirec01216:usteledirec01216_0238/full/pct:3.125/0/default.jpg,9423,6423
118,https://tile.loc.gov/image-services/iiif/service:gdc:gdcustel:us:te:le:di:re:c0:12:16:usteledirec01216:usteledirec01216_0239/full/pct:100/0/default.jpg,https://tile.loc.gov/image-services/iiif/service:gdc:gdcustel:us:te:le:di:re:c0:12:16:usteledirec01216:usteledirec01216_0239/full/pct:3.125/0/default.jpg,9407,6408
119,https://tile.loc.gov/image-services/iiif/service:gdc:gdcustel:us:te:le:di:re:c0:12:16:usteledirec01216:usteledirec01216_0240/full/pct:100/0/default.jpg,https://tile.loc.gov/image-services/iiif/service:gdc:gdcustel:us:te:le:di:re:c0:12:16:usteledirec01216:usteledirec01216_0240/full/pct:3.125/0/default.jpg,9423,6407
120,https://tile.loc.gov/image-services/iiif/service:gdc:gdcustel:us:te:le:di:re:c0:12:16:usteledirec01216:usteledirec01216_0241/full/pct:100/0/default.jpg,https://tile.loc.gov/image-services/iiif/service:gdc:gdcustel:us:te:le:di:re:c0:12:16:usteledirec01216:usteledirec01216_0241/full/pct:3.125/0/default.jpg,9407,6423
121,https://tile.loc.gov/image-services/iiif/service:gdc:gdcustel:us:te:le:di:re:c0:12:16:usteledirec01216:usteledirec01216_0242/full/pct:100/0/default.jpg,https://tile.loc.gov/image-services/iiif/service:gdc:gdcustel:us:te:le:di:re:c0:12:16:usteledirec01216:usteledirec01216_0242/full/pct:3.125/0/default.jpg,9407,6423
122,https://tile.loc.gov/image-services/iiif/service:gdc:gdcustel:us:te:le:di:re:c0:12:16:usteledirec01216:usteledirec01216_0243/full/pct:100/0/default.jpg,https://tile.loc.gov/image-services/iiif/service:gdc:gdcustel:us:te:le:di:re:c0:12:16:usteledirec01216:usteledirec01216_0243/full/pct:3.125/0/default.jpg,9487,6407
123,https://tile.loc.gov/image-services/iiif/service:gdc:gdcustel:us:te:le:di:re:c0:12:16:usteledirec01216:usteledirec01216_0244/full/pct:100/0/default.jpg,https://tile.loc.gov/image-services/iiif/service:gdc:gdcustel:us:te:le:di:re:c0:12:16:usteledirec01216:usteledirec01216_0244/full/pct:3.125/0/default.jpg,9407,6408
124,https://tile.loc.gov/image-services/iiif/service:gdc:gdcustel:us:te:le:di:re:c0:12:16:usteledirec01216:usteledirec01216_0245/full/pct:100/0/default.jpg,https://tile.loc.gov/image-services/iiif/service:gdc:gdcustel:us:te:le:di:re:c0:12:16:usteledirec01216:usteledirec01216_0245/full/pct:3.125/0/default.jpg,9407,6408
125,https://tile.loc.gov/image-services/iiif/service:gdc:gdcustel:us:te:le:di:re:c0:12:16:usteledirec01216:usteledirec01216_0246/full/pct:100/0/default.jpg,https://tile.loc.gov/image-services/iiif/service:gdc:gdcustel:us:te:le:di:re:c0:12:16:usteledirec01216:usteledirec01216_0246/full/pct:3.125/0/default.jpg,9392,6456
126,https://tile.loc.gov/image-services/iiif/service:gdc:gdcustel:us:te:le:di:re:c0:12:16:usteledirec01216:usteledirec01216_0247/full/pct:100/0/default.jpg,https://tile.loc.gov/image-services/iiif/service:gdc:gdcustel:us:te:le:di:re:c0:12:16:usteledirec01216:usteledirec01216_0247/full/pct:3.125/0/default.jpg,9407,6423
127,https://tile.loc.gov/image-services/iiif/service:gdc:gdcustel:us:te:le:di:re:c0:12:16:usteledirec01216:usteledirec01216_0248/full/pct:100/0/default.jpg,https://tile.loc.gov/image-services/iiif/service:gdc:gdcustel:us:te:le:di:re:c0:12:16:usteledirec01216:usteledirec01216_0248/full/pct:3.125/0/default.jpg,9407,6407
128,https://tile.loc.gov/image-services/iiif/service:gdc:gdcustel:us:te:le:di:re:c0:12:16:usteledirec01216:usteledirec01216_0249/full/pct:100/0/default.jpg,https://tile.loc.gov/image-services/iiif/service:gdc:gdcustel:us:te:le:di:re:c0:12:16:usteledirec01216:usteledirec01216_0249/full/pct:3.125/0/default.jpg,9439,6423
129,https://tile.loc.gov/image-services/iiif/service:gdc:gdcustel:us:te:le:di:re:c0:12:16:usteledirec01216:usteledirec01216_0250/full/pct:100/0/default.jpg,https://tile.loc.gov/image-services/iiif/service:gdc:gdcustel:us:te:le:di:re:c0:12:16:usteledirec01216:usteledirec01216_0250/full/pct:3.125/0/default.jpg,9455,6423
130,https://tile.loc.gov/image-services/iiif/service:gdc:gdcustel:us:te:le:di:re:c0:12:16:usteledirec01216:usteledirec01216_0251/full/pct:100/0/default.jpg,https://tile.loc.gov/image-services/iiif/service:gdc:gdcustel:us:te:le:di:re:c0:12:16:usteledirec01216:usteledirec01216_0251/full/pct:3.125/0/default.jpg,9439,6439
131,https://tile.loc.gov/image-services/iiif/service:gdc:gdcustel:us:te:le:di:re:c0:12:16:usteledirec01216:usteledirec01216_0252/full/pct:100/0/default.jpg,https://tile.loc.gov/image-services/iiif/service:gdc:gdcustel:us:te:le:di:re:c0:12:16:usteledirec01216:usteledirec01216_0252/full/pct:3.125/0/default.jpg,9439,6423
132,https://tile.loc.gov/image-services/iiif/service:gdc:gdcustel:us:te:le:di:re:c0:12:16:usteledirec01216:usteledirec01216_0253/full/pct:100/0/default.jpg,https://tile.loc.gov/image-services/iiif/service:gdc:gdcustel:us:te:le:di:re:c0:12:16:usteledirec01216:usteledirec01216_0253/full/pct:3.125/0/default.jpg,9439,6407
133,https://tile.loc.gov/image-services/iiif/service:gdc:gdcustel:us:te:le:di:re:c0:12:16:usteledirec01216:usteledirec01216_0254/full/pct:100/0/default.jpg,https://tile.loc.gov/image-services/iiif/service:gdc:gdcustel:us:te:le:di:re:c0:12:16:usteledirec01216:usteledirec01216_0254/full/pct:3.125/0/default.jpg,9375,6391
134,https://tile.loc.gov/image-services/iiif/service:gdc:gdcustel:us:te:le:di:re:c0:12:16:usteledirec01216:usteledirec01216_0255/full/pct:100/0/default.jpg,https://tile.loc.gov/image-services/iiif/service:gdc:gdcustel:us:te:le:di:re:c0:12:16:usteledirec01216:usteledirec01216_0255/full/pct:3.125/0/default.jpg,9391,6407
135,https://tile.loc.gov/image-services/iiif/service:gdc:gdcustel:us:te:le:di:re:c0:12:16:usteledirec01216:usteledirec01216_0256/full/pct:100/0/default.jpg,https://tile.loc.gov/image-services/iiif/service:gdc:gdcustel:us:te:le:di:re:c0:12:16:usteledirec01216:usteledirec01216_0256/full/pct:3.125/0/default.jpg,9407,6423
136,https://tile.loc.gov/image-services/iiif/service:gdc:gdcustel:us:te:le:di:re:c0:12:16:usteledirec01216:usteledirec01216_0257/full/pct:100/0/default.jpg,https://tile.loc.gov/image-services/iiif/service:gdc:gdcustel:us:te:le:di:re:c0:12:16:usteledirec01216:usteledirec01216_0257/full/pct:3.125/0/default.jpg,9455,6423
137,https://tile.loc.gov/image-services/iiif/service:gdc:gdcustel:us:te:le:di:re:c0:12:16:usteledirec01216:usteledirec01216_0258/full/pct:100/0/default.jpg,https://tile.loc.gov/image-services/iiif/service:gdc:gdcustel:us:te:le:di:re:c0:12:16:usteledirec01216:usteledirec01216_0258/full/pct:3.125/0/default.jpg,9407,6407
138,https://tile.loc.gov/image-services/iiif/service:gdc:gdcustel:us:te:le:di:re:c0:12:16:usteledirec01216:usteledirec01216_0259/full/pct:100/0/default.jpg,https://tile.loc.gov/image-services/iiif/service:gdc:gdcustel:us:te:le:di:re:c0:12:16:usteledirec01216:usteledirec01216_0259/full/pct:3.125/0/default.jpg,9407,6407
139,https://tile.loc.gov/image-services/iiif/service:gdc:gdcustel:us:te:le:di:re:c0:12:16:usteledirec01216:usteledirec01216_0260/full/pct:100/0/default.jpg,https://tile.loc.gov/image-services/iiif/service:gdc:gdcustel:us:te:le:di:re:c0:12:16:usteledirec01216:usteledirec01216_0260/full/pct:3.125/0/default.jpg,9439,6439
140,https://tile.loc.gov/image-services/iiif/service:gdc:gdcustel:us:te:le:di:re:c0:12:16:usteledirec01216:usteledirec01216_0261/full/pct:100/0/default.jpg,https://tile.loc.gov/image-services/iiif/service:gdc:gdcustel:us:te:le:di:re:c0:12:16:usteledirec01216:usteledirec01216_0261/full/pct:3.125/0/default.jpg,9455,6439
141,https://tile.loc.gov/image-services/iiif/service:gdc:gdcustel:us:te:le:di:re:c0:12:16:usteledirec01216:usteledirec01216_0262/full/pct:100/0/default.jpg,https://tile.loc.gov/image-services/iiif/service:gdc:gdcustel:us:te:le:di:re:c0:12:16:usteledirec01216:usteledirec01216_0262/full/pct:3.125/0/default.jpg,9407,6423
142,https://tile.loc.gov/image-services/iiif/service:gdc:gdcustel:us:te:le:di:re:c0:12:16:usteledirec01216:usteledirec01216_0263/full/pct:100/0/default.jpg,https://tile.loc.gov/image-services/iiif/service:gdc:gdcustel:us:te:le:di:re:c0:12:16:usteledirec01216:usteledirec01216_0263/full/pct:3.125/0/default.jpg,9424,6408
143,https://tile.loc.gov/image-services/iiif/service:gdc:gdcustel:us:te:le:di:re:c0:12:16:usteledirec01216:usteledirec01216_0264/full/pct:100/0/default.jpg,https://tile.loc.gov/image-services/iiif/service:gdc:gdcustel:us:te:le:di:re:c0:12:16:usteledirec01216:usteledirec01216_0264/full/pct:3.125/0/default.jpg,9455,6423
144,https://tile.loc.gov/image-services/iiif/service:gdc:gdcustel:us:te:le:di:re:c0:12:16:usteledirec01216:usteledirec01216_0265/full/pct:100/0/default.jpg,https://tile.loc.gov/image-services/iiif/service:gdc:gdcustel:us:te:le:di:re:c0:12:16:usteledirec01216:usteledirec01216_0265/full/pct:3.125/0/default.jpg,9424,6424
145,https://tile.loc.gov/image-services/iiif/service:gdc:gdcustel:us:te:le:di:re:c0:12:16:usteledirec01216:usteledirec01216_0266/full/pct:100/0/default.jpg,https://tile.loc.gov/image-services/iiif/service:gdc:gdcustel:us:te:le:di:re:c0:12:16:usteledirec01216:usteledirec01216_0266/full/pct:3.125/0/default.jpg,9423,6407
146,https://tile.loc.gov/image-services/iiif/service:gdc:gdcustel:us:te:le:di:re:c0:12:16:usteledirec01216:usteledirec01216_0267/full/pct:100/0/default.jpg,https://tile.loc.gov/image-services/iiif/service:gdc:gdcustel:us:te:le:di:re:c0:12:16:usteledirec01216:usteledirec01216_0267/full/pct:3.125/0/default.jpg,9439,6407
147,https://tile.loc.gov/image-services/iiif/service:gdc:gdcustel:us:te:le:di:re:c0:12:16:usteledirec01216:usteledirec01216_0268/full/pct:100/0/default.jpg,https://tile.loc.gov/image-services/iiif/service:gdc:gdcustel:us:te:le:di:re:c0:12:16:usteledirec01216:usteledirec01216_0268/full/pct:3.125/0/default.jpg,9423,6407
148,https://tile.loc.gov/image-services/iiif/service:gdc:gdcustel:us:te:le:di:re:c0:12:16:usteledirec01216:usteledirec01216_0269/full/pct:100/0/default.jpg,https://tile.loc.gov/image-services/iiif/service:gdc:gdcustel:us:te:le:di:re:c0:12:16:usteledirec01216:usteledirec01216_0269/full/pct:3.125/0/default.jpg,9391,6423
149,https://tile.loc.gov/image-services/iiif/service:gdc:gdcustel:us:te:le:di:re:c0:12:16:usteledirec01216:usteledirec01216_0270/full/pct:100/0/default.jpg,https://tile.loc.gov/image-services/iiif/service:gdc:gdcustel:us:te:le:di:re:c0:12:16:usteledirec01216:usteledirec01216_0270/full/pct:3.125/0/default.jpg,9392,6424
150,https://tile.loc.gov/image-services/iiif/service:gdc:gdcustel:us:te:le:di:re:c0:12:16:usteledirec01216:usteledirec01216_0271/full/pct:100/0/default.jpg,https://tile.loc.gov/image-services/iiif/service:gdc:gdcustel:us:te:le:di:re:c0:12:16:usteledirec01216:usteledirec01216_0271/full/pct:3.125/0/default.jpg,9424,6424
151,https://tile.loc.gov/image-services/iiif/service:gdc:gdcustel:us:te:le:di:re:c0:12:16:usteledirec01216:usteledirec01216_0272/full/pct:100/0/default.jpg,https://tile.loc.gov/image-services/iiif/service:gdc:gdcustel:us:te:le:di:re:c0:12:16:usteledirec01216:usteledirec01216_0272/full/pct:3.125/0/default.jpg,9407,6407
152,https://tile.loc.gov/image-services/iiif/service:gdc:gdcustel:us:te:le:di:re:c0:49:86:x:usteledirec04986x:usteledirec04986x_0054/full/pct:100/0/default.jpg,https://tile.loc.gov/image-services/iiif/service:gdc:gdcustel:us:te:le:di:re:c0:49:86:x:usteledirec04986x:usteledirec04986x_0054/full/pct:6.25/0/default.jpg,4848,6232
153,https://tile.loc.gov/image-services/iiif/service:gdc:gdcustel:us:te:le:di:re:c0:49:86:x:usteledirec04986x:usteledirec04986x_0055/full/pct:100/0/default.jpg,https://tile.loc.gov/image-services/iiif/service:gdc:gdcustel:us:te:le:di:re:c0:49:86:x:usteledirec04986x:usteledirec04986x_0055/full/pct:3.125/0/default.jpg,8880,6232
154,https://tile.loc.gov/image-services/iiif/service:gdc:gdcustel:us:te:le:di:re:c0:49:86:x:usteledirec04986x:usteledirec04986x_0056/full/pct:100/0/default.jpg,https://tile.loc.gov/image-services/iiif/service:gdc:gdcustel:us:te:le:di:re:c0:49:86:x:usteledirec04986x:usteledirec04986x_0056/full/pct:3.125/0/default.jpg,8880,6232
155,https://tile.loc.gov/image-services/iiif/service:gdc:gdcustel:us:te:le:di:re:c0:49:86:x:usteledirec04986x:usteledirec04986x_0057/full/pct:100/0/default.jpg,https://tile.loc.gov/image-services/iiif/service:gdc:gdcustel:us:te:le:di:re:c0:49:86:x:usteledirec04986x:usteledirec04986x_0057/full/pct:3.125/0/default.jpg,8896,6232
156,https://tile.loc.gov/image-services/iiif/service:gdc:gdcustel:us:te:le:di:re:c0:49:86:x:usteledirec04986x:usteledirec04986x_0058/full/pct:100/0/default.jpg,https://tile.loc.gov/image-services/iiif/service:gdc:gdcustel:us:te:le:di:re:c0:49:86:x:usteledirec04986x:usteledirec04986x_0058/full/pct:3.125/0/default.jpg,8863,6231
157,https://tile.loc.gov/image-services/iiif/service:gdc:gdcustel:us:te:le:di:re:c0:49:86:x:usteledirec04986x:usteledirec04986x_0059/full/pct:100/0/default.jpg,https://tile.loc.gov/image-services/iiif/service:gdc:gdcustel:us:te:le:di:re:c0:49:86:x:usteledirec04986x:usteledirec04986x_0059/full/pct:3.125/0/default.jpg,8879,6247
158,https://tile.loc.gov/image-services/iiif/service:gdc:gdcustel:us:te:le:di:re:c0:49:86:x:usteledirec04986x:usteledirec04986x_0060/full/pct:100/0/default.jpg,https://tile.loc.gov/image-services/iiif/service:gdc:gdcustel:us:te:le:di:re:c0:49:86:x:usteledirec04986x:usteledirec04986x_0060/full/pct:3.125/0/default.jpg,8863,6231
159,https://tile.loc.gov/image-services/iiif/service:gdc:gdcustel:us:te:le:di:re:c0:49:86:x:usteledirec04986x:usteledirec04986x_0061/full/pct:100/0/default.jpg,https://tile.loc.gov/image-services/iiif/service:gdc:gdcustel:us:te:le:di:re:c0:49:86:x:usteledirec04986x:usteledirec04986x_0061/full/pct:3.125/0/default.jpg,8864,6232
160,https://tile.loc.gov/image-services/iiif/service:gdc:gdcustel:us:te:le:di:re:c0:49:86:x:usteledirec04986x:usteledirec04986x_0062/full/pct:100/0/default.jpg,https://tile.loc.gov/image-services/iiif/service:gdc:gdcustel:us:te:le:di:re:c0:49:86:x:usteledirec04986x:usteledirec04986x_0062/full/pct:3.125/0/default.jpg,8880,6248
161,https://tile.loc.gov/image-services/iiif/service:gdc:gdcustel:us:te:le:di:re:c0:49:86:x:usteledirec04986x:usteledirec04986x_0063/full/pct:100/0/default.jpg,https://tile.loc.gov/image-services/iiif/service:gdc:gdcustel:us:te:le:di:re:c0:49:86:x:usteledirec04986x:usteledirec04986x_0063/full/pct:3.125/0/default.jpg,8879,6231
162,https://tile.loc.gov/image-services/iiif/service:gdc:gdcustel:us:te:le:di:re:c0:49:86:x:usteledirec04986x:usteledirec04986x_0064/full/pct:100/0/default.jpg,https://tile.loc.gov/image-services/iiif/service:gdc:gdcustel:us:te:le:di:re:c0:49:86:x:usteledirec04986x:usteledirec04986x_0064/full/pct:3.125/0/default.jpg,8879,6247
163,https://tile.loc.gov/image-services/iiif/service:gdc:gdcustel:us:te:le:di:re:c0:49:86:x:usteledirec04986x:usteledirec04986x_0065/full/pct:100/0/default.jpg,https://tile.loc.gov/image-services/iiif/service:gdc:gdcustel:us:te:le:di:re:c0:49:86:x:usteledirec04986x:usteledirec04986x_0065/full/pct:3.125/0/default.jpg,8848,6216
164,https://tile.loc.gov/image-services/iiif/service:gdc:gdcustel:us:te:le:di:re:c0:49:86:x:usteledirec04986x:usteledirec04986x_0066/full/pct:100/0/default.jpg,https://tile.loc.gov/image-services/iiif/service:gdc:gdcustel:us:te:le:di:re:c0:49:86:x:usteledirec04986x:usteledirec04986x_0066/full/pct:3.125/0/default.jpg,8848,6216
165,https://tile.loc.gov/image-services/iiif/service:gdc:gdcustel:us:te:le:di:re:c0:49:86:x:usteledirec04986x:usteledirec04986x_0067/full/pct:100/0/default.jpg,https://tile.loc.gov/image-services/iiif/service:gdc:gdcustel:us:te:le:di:re:c0:49:86:x:usteledirec04986x:usteledirec04986x_0067/full/pct:3.125/0/default.jpg,8848,6232
166,https://tile.loc.gov/image-services/iiif/service:gdc:gdcustel:us:te:le:di:re:c0:49:86:x:usteledirec04986x:usteledirec04986x_0068/full/pct:100/0/default.jpg,https://tile.loc.gov/image-services/iiif/service:gdc:gdcustel:us:te:le:di:re:c0:49:86:x:usteledirec04986x:usteledirec04986x_0068/full/pct:3.125/0/default.jpg,8847,6199
167,https://tile.loc.gov/image-services/iiif/service:gdc:gdcustel:us:te:le:di:re:c0:49:86:x:usteledirec04986x:usteledirec04986x_0069/full/pct:100/0/default.jpg,https://tile.loc.gov/image-services/iiif/service:gdc:gdcustel:us:te:le:di:re:c0:49:86:x:usteledirec04986x:usteledirec04986x_0069/full/pct:3.125/0/default.jpg,8815,6199
